site1,site2,ind_site1,ind_site2,max_reg_val
14,18,1,0,45080.618708879454
28,29,1,0,44552.240442305345
4,14,0,1,43990.817955846935
1,33,3,0,43756.81134853477
1,29,3,0,43568.866118788246
5,38,0,1,40675.03313025431
19,32,2,1,40555.424060798665
16,18,1,0,40456.84783728518
10,16,0,1,40337.635365702205
16,19,1,2,39410.57757315503
16,35,1,0,39331.226632346436
2,16,1,1,37363.17619876238
