ID,Magnitude,Covariance,First Site,First Group,Second Site,Second Group,Percentile
"s1-g0,s3-g2",0.16000000000000006,0.16000000000000006,1,0,3,2,90.0
"s2-g0,s3-g0",0.16000000000000003,0.16000000000000003,2,0,3,0,80.0
"s1-g2,s3-g0",0.16000000000000003,0.16000000000000003,1,2,3,0,80.0
"s1-g1,s2-g4",0.16000000000000003,0.16000000000000003,1,1,2,4,80.0
"s1-g2,s2-g0",0.16000000000000003,0.16000000000000003,1,2,2,0,80.0
"s1-g3,s3-g4",0.16,0.16,1,3,3,4,70.0
"s1-g2,s3-g4",0.12000000000000001,-0.12000000000000001,1,2,3,4,60.0
"s2-g0,s3-g4",0.12000000000000001,-0.12000000000000001,2,0,3,4,60.0
"s1-g0,s3-g4",0.12,-0.12,1,0,3,4,50.0
"s1-g0,s2-g3",0.12,0.12,1,0,2,3,50.0
"s2-g3,s3-g2",0.12,0.12,2,3,3,2,50.0
"s1-g3,s2-g2",0.12,0.12,1,3,2,2,50.0
