ID,Magnitude,Covariance,First Site,First Group,Second Site,Second Group,Percentile
"s1-g1,s4-g1",0.012850189291508999,-0.012850189291508999,1,1,4,1,98.0
"s1-g1,s4-g0",0.012850189291508943,0.012850189291508943,1,1,4,0,96.0
"s1-g0,s4-g1",0.012850189291508942,0.012850189291508942,1,0,4,1,95.0
"s1-g0,s4-g0",0.012850189291508858,-0.012850189291508858,1,0,4,0,93.0
"s1-g1,s2-g1",0.010427257977285127,-0.010427257977285127,1,1,2,1,91.0
"s1-g0,s2-g1",0.010427257977285125,0.010427257977285125,1,0,2,1,90.0
"s2-g1,s4-g1",0.010427257977285114,-0.010427257977285114,2,1,4,1,88.0
"s2-g1,s4-g0",0.010427257977285106,0.010427257977285106,2,1,4,0,86.0
"s1-g0,s2-g0",0.010427257977285102,-0.010427257977285102,1,0,2,0,85.0
"s2-g0,s4-g0",0.0104272579772851,-0.0104272579772851,2,0,4,0,83.0
"s1-g1,s2-g0",0.010427257977285047,0.010427257977285047,1,1,2,0,81.0
"s2-g0,s4-g1",0.010427257977285026,0.010427257977285026,2,0,4,1,80.0
"s1-g1,s7-g1",0.008199026500811267,0.008199026500811267,1,1,7,1,78.0
"s1-g0,s7-g1",0.008199026500811203,-0.008199026500811203,1,0,7,1,77.0
"s2-g0,s7-g1",0.00810167658193624,-0.00810167658193624,2,0,7,1,75.0
