ID,Magnitude,Covariance,First Site,First Group,Second Site,Second Group,Percentile
"s1-g0,s2-g0",0.025202812330989945,-0.025202812330989945,1,0,2,0,99.0
"s1-g2,s4-g0",0.024651162790697734,0.024651162790697734,1,2,4,0,98.0
"s1-g0,s4-g0",0.024186046511627764,-0.024186046511627764,1,0,4,0,97.0
"s1-g2,s2-g0",0.023472147106543974,0.023472147106543974,1,2,2,0,96.0
"s1-g0,s3-g2",0.023169280692266214,0.023169280692266214,1,0,3,2,95.0
"s1-g0,s3-g0",0.022055164954029344,-0.022055164954029344,1,0,3,0,94.0
"s1-g2,s3-g2",0.021179015684153497,-0.021179015684153497,1,2,3,2,94.0
"s1-g2,s4-g2",0.021114115738236947,-0.021114115738236947,1,2,4,2,93.0
"s1-g0,s2-g2",0.02067063277447248,0.02067063277447248,1,0,2,2,92.0
"s1-g0,s4-g2",0.02025959978366689,0.02025959978366689,1,0,4,2,91.0
"s1-g2,s3-g0",0.020021633315305428,0.020021633315305428,1,2,3,0,90.0
"s2-g0,s3-g0",0.01974040021633308,-0.01974040021633308,2,0,3,0,89.0
"s1-g2,s2-g2",0.019351000540833014,-0.019351000540833014,1,2,2,2,88.0
"s3-g0,s6-g0",0.01901568415359667,-0.01901568415359667,3,0,6,0,88.0
"s2-g0,s3-g2",0.018875067604110167,0.018875067604110167,2,0,3,2,87.0
"s2-g0,s4-g0",0.01860465116279085,-0.01860465116279085,2,0,4,0,86.0
"s3-g2,s6-g0",0.018215251487290487,0.018215251487290487,3,2,6,0,85.0
"s2-g0,s6-g0",0.018063818280151488,-0.018063818280151488,2,0,6,0,84.0
"s1-g0,s6-g0",0.016917252568956254,-0.016917252568956254,1,0,6,0,83.0
"s2-g2,s4-g0",0.01674418604651174,0.01674418604651174,2,2,4,0,83.0
"s2-g0,s4-g2",0.015467820443482978,0.015467820443482978,2,0,4,2,82.0
"s1-g0,s6-g2",0.015413737155218904,0.015413737155218904,1,0,6,2,81.0
"s1-g2,s6-g0",0.015316387236344011,0.015316387236344011,1,2,6,0,80.0
"s2-g2,s6-g0",0.015110870740941114,0.015110870740941114,2,2,6,0,79.0
"s1-g2,s6-g2",0.014115738236884856,-0.014115738236884856,1,2,6,2,78.0
"s2-g2,s4-g2",0.013131422390481259,-0.013131422390481259,2,2,4,2,77.0
"s2-g2,s3-g0",0.01240670632774458,0.01240670632774458,2,2,3,0,77.0
"s2-g0,s6-g2",0.012006489994591661,0.012006489994591661,2,0,6,2,76.0
"s3-g0,s6-g2",0.011898323418063784,0.011898323418063784,3,0,6,2,75.0
